[
 {
   "LOCATION_NAME": "CHERRY HILL",
   "CITY_NAME": "CHERRY HILL",
   "POSTAL_CD": 8002,
   "TERRITORY_CD": "NJ",
   "FIPS_COUNTY_CD": "U",
   "LATITUDE_MEAS": 39.924045,
   "LONGITUDE_MEAS": -75.037583
 },
 {
   "LOCATION_NAME": "GUILFORD",
   "CITY_NAME": "GUILFORD",
   "POSTAL_CD": 6437,
   "TERRITORY_CD": "CT",
   "FIPS_COUNTY_CD": "U",
   "LATITUDE_MEAS": 41.3017884,
   "LONGITUDE_MEAS": -72.7093312
 },
 {
   "LOCATION_NAME": "WOODBRIDGE",
   "CITY_NAME": "ISELIN",
   "POSTAL_CD": 8830,
   "TERRITORY_CD": "NJ",
   "FIPS_COUNTY_CD": "U",
   "LATITUDE_MEAS": 40.5549767,
   "LONGITUDE_MEAS": -74.3165411
 },
 {
   "LOCATION_NAME": "NORTH BRUNSWICK",
   "CITY_NAME": "NORTH BRUNSWICK",
   "POSTAL_CD": 8902,
   "TERRITORY_CD": "NJ",
   "FIPS_COUNTY_CD": "U",
   "LATITUDE_MEAS": 40.462958,
   "LONGITUDE_MEAS": -74.458852
 },
 {
   "LOCATION_NAME": "CLOSTER",
   "CITY_NAME": "CLOSTER",
   "POSTAL_CD": 7624,
   "TERRITORY_CD": "NJ",
   "FIPS_COUNTY_CD": "U",
   "LATITUDE_MEAS": 40.9689706,
   "LONGITUDE_MEAS": -73.9550911
 },
 {
   "LOCATION_NAME": "DEPTFORD",
   "CITY_NAME": "DEPTFORD",
   "POSTAL_CD": 8096,
   "TERRITORY_CD": "NJ",
   "FIPS_COUNTY_CD": "U",
   "LATITUDE_MEAS": 39.8281757,
   "LONGITUDE_MEAS": -75.0972588
 },
 {
   "LOCATION_NAME": "MATAWAN",
   "CITY_NAME": "MATAWAN",
   "POSTAL_CD": 7747,
   "TERRITORY_CD": "NJ",
   "FIPS_COUNTY_CD": "U",
   "LATITUDE_MEAS": 40.424851,
   "LONGITUDE_MEAS": -74.270436
 },
 {
   "LOCATION_NAME": "HARMON/BRIDGEWATER",
   "CITY_NAME": "BRIDGEWATER",
   "POSTAL_CD": 88079252,
   "TERRITORY_CD": "NJ",
   "FIPS_COUNTY_CD": "U",
   "LATITUDE_MEAS": 40.561258,
   "LONGITUDE_MEAS": -74.55719
 },
 {
   "LOCATION_NAME": "MORRIS PLAINS",
   "CITY_NAME": "MORRIS PLAINS",
   "POSTAL_CD": 7950,
   "TERRITORY_CD": "NJ",
   "FIPS_COUNTY_CD": "U",
   "LATITUDE_MEAS": 40.844016,
   "LONGITUDE_MEAS": -74.467051
 },
 {
   "LOCATION_NAME": "DEPTFORD, NJ",
   "CITY_NAME": "DEPTFORD",
   "POSTAL_CD": 8096,
   "TERRITORY_CD": "NJ",
   "FIPS_COUNTY_CD": "U",
   "LATITUDE_MEAS": 39.8281823,
   "LONGITUDE_MEAS": -75.0961815
 },
 {
   "LOCATION_NAME": "HAMILTON",
   "CITY_NAME": "HAMILTON",
   "POSTAL_CD": 8691,
   "TERRITORY_CD": "NJ",
   "FIPS_COUNTY_CD": "U",
   "LATITUDE_MEAS": 40.192511,
   "LONGITUDE_MEAS": -74.641169
 },
 {
   "LOCATION_NAME": "WATERFORD",
   "CITY_NAME": "WATERFORD",
   "POSTAL_CD": 6385,
   "TERRITORY_CD": "CT",
   "FIPS_COUNTY_CD": "U",
   "LATITUDE_MEAS": 41.3748225,
   "LONGITUDE_MEAS": -72.1449958
 },
 {
   "LOCATION_NAME": "WEST CALDWELL",
   "CITY_NAME": "WEST CALDWELL",
   "POSTAL_CD": 7006,
   "TERRITORY_CD": "NJ",
   "FIPS_COUNTY_CD": "U",
   "LATITUDE_MEAS": 40.8509303,
   "LONGITUDE_MEAS": -74.2945378
 },
 {
   "LOCATION_NAME": "DEPTFORD",
   "CITY_NAME": "DEPTFORD",
   "POSTAL_CD": 80965662,
   "TERRITORY_CD": "NJ",
   "FIPS_COUNTY_CD": "U",
   "LATITUDE_MEAS": 39.827319,
   "LONGITUDE_MEAS": -75.096713
 },
 {
   "LOCATION_NAME": "STAMFORD",
   "CITY_NAME": "STAMFORD",
   "POSTAL_CD": 6905,
   "TERRITORY_CD": "CT",
   "FIPS_COUNTY_CD": "U",
   "LATITUDE_MEAS": 41.0672423,
   "LONGITUDE_MEAS": -73.546219
 },
 {
   "LOCATION_NAME": "PARAMUS",
   "CITY_NAME": "PARAMUS",
   "POSTAL_CD": 7652,
   "TERRITORY_CD": "NJ",
   "FIPS_COUNTY_CD": "U",
   "LATITUDE_MEAS": 40.9222386,
   "LONGITUDE_MEAS": -74.0743803
 },
 {
   "LOCATION_NAME": "SHELTON",
   "CITY_NAME": "SHELTON",
   "POSTAL_CD": 6484,
   "TERRITORY_CD": "CT",
   "FIPS_COUNTY_CD": "U",
   "LATITUDE_MEAS": 41.2647214,
   "LONGITUDE_MEAS": -73.1304463
 },
 {
   "LOCATION_NAME": "GILLETTE",
   "CITY_NAME": "PEMBROKE PINES",
   "POSTAL_CD": 7933,
   "TERRITORY_CD": "NJ",
   "FIPS_COUNTY_CD": "U",
   "LATITUDE_MEAS": 40.6682962,
   "LONGITUDE_MEAS": -74.4794486
 },
 {
   "LOCATION_NAME": "BRICK",
   "CITY_NAME": "BRICK",
   "POSTAL_CD": 8723,
   "TERRITORY_CD": "NJ",
   "FIPS_COUNTY_CD": "U",
   "LATITUDE_MEAS": 40.0547304,
   "LONGITUDE_MEAS": -74.1561212
 },
 {
   "LOCATION_NAME": "CHERRY HILL BBBABY",
   "CITY_NAME": "CHERRY HILL",
   "POSTAL_CD": 80342301,
   "TERRITORY_CD": "NJ",
   "FIPS_COUNTY_CD": "U",
   "LATITUDE_MEAS": 39.9160576,
   "LONGITUDE_MEAS": -75.0080231
 },
 {
   "LOCATION_NAME": "WETHERSFIELD",
   "CITY_NAME": "WETHERSFIELD",
   "POSTAL_CD": 6109,
   "TERRITORY_CD": "CT",
   "FIPS_COUNTY_CD": "U",
   "LATITUDE_MEAS": 41.6930654,
   "LONGITUDE_MEAS": -72.6579672
 },
 {
   "LOCATION_NAME": "JERSEY CITY",
   "CITY_NAME": "JERSEY CITY",
   "POSTAL_CD": 7302,
   "TERRITORY_CD": "NJ",
   "FIPS_COUNTY_CD": "U",
   "LATITUDE_MEAS": 40.724411,
   "LONGITUDE_MEAS": -74.040091
 },
 {
   "LOCATION_NAME": "RARITAN",
   "CITY_NAME": "RARITAN",
   "POSTAL_CD": 8869,
   "TERRITORY_CD": "NJ",
   "FIPS_COUNTY_CD": "U",
   "LATITUDE_MEAS": 40.5754143,
   "LONGITUDE_MEAS": -74.6328282
 },
 {
   "LOCATION_NAME": "IKEA DRIVE",
   "CITY_NAME": "PARAMUS",
   "POSTAL_CD": 76521253,
   "TERRITORY_CD": "NJ",
   "FIPS_COUNTY_CD": "U",
   "LATITUDE_MEAS": 40.922004,
   "LONGITUDE_MEAS": -74.074133
 },
 {
   "LOCATION_NAME": "ELIZABETH",
   "CITY_NAME": "ELIZABETH",
   "POSTAL_CD": 7201,
   "TERRITORY_CD": "NJ",
   "FIPS_COUNTY_CD": "U",
   "LATITUDE_MEAS": 40.660944,
   "LONGITUDE_MEAS": -74.1732656
 },
 {
   "LOCATION_NAME": "EAST HANOVER",
   "CITY_NAME": "EAST HANOVER",
   "POSTAL_CD": 7936,
   "TERRITORY_CD": "NJ",
   "FIPS_COUNTY_CD": "U",
   "LATITUDE_MEAS": 40.8023343,
   "LONGITUDE_MEAS": -74.361784
 },
 {
   "LOCATION_NAME": "BRIDGEWATER BBBABY",
   "CITY_NAME": "BRIDGEWATER",
   "POSTAL_CD": 88072401,
   "TERRITORY_CD": "NJ",
   "FIPS_COUNTY_CD": "U",
   "LATITUDE_MEAS": 40.577614,
   "LONGITUDE_MEAS": -74.630982
 },
 {
   "LOCATION_NAME": "CHELSEA BBBABY",
   "CITY_NAME": "NEW YORK",
   "POSTAL_CD": 7094,
   "TERRITORY_CD": "NJ",
   "FIPS_COUNTY_CD": "U",
   "LATITUDE_MEAS": 40.7458581,
   "LONGITUDE_MEAS": -73.9946806
 },
 {
   "LOCATION_NAME": "MT OLIVE",
   "CITY_NAME": "FLANDERS",
   "POSTAL_CD": 7836,
   "TERRITORY_CD": "NJ",
   "FIPS_COUNTY_CD": "U",
   "LATITUDE_MEAS": 40.883046,
   "LONGITUDE_MEAS": -74.706517
 },
 {
   "LOCATION_NAME": "ROCKAWAY",
   "CITY_NAME": "ROCKAWAY",
   "POSTAL_CD": 7866,
   "TERRITORY_CD": "NJ",
   "FIPS_COUNTY_CD": "U",
   "LATITUDE_MEAS": 40.90722,
   "LONGITUDE_MEAS": -74.562452
 },
 {
   "LOCATION_NAME": "FAIRFIELD",
   "CITY_NAME": "FAIRFIELD",
   "POSTAL_CD": 6824,
   "TERRITORY_CD": "CT",
   "FIPS_COUNTY_CD": "U",
   "LATITUDE_MEAS": 41.1508911,
   "LONGITUDE_MEAS": -73.243012
 },
 {
   "LOCATION_NAME": "HOLMDEL",
   "CITY_NAME": "HOLMDEL",
   "POSTAL_CD": 7733,
   "TERRITORY_CD": "NJ",
   "FIPS_COUNTY_CD": "U",
   "LATITUDE_MEAS": 40.415517,
   "LONGITUDE_MEAS": -74.15989
 },
 {
   "LOCATION_NAME": "BRICK",
   "CITY_NAME": "BRICK",
   "POSTAL_CD": 8723,
   "TERRITORY_CD": "NJ",
   "FIPS_COUNTY_CD": "U",
   "LATITUDE_MEAS": 40.0547304,
   "LONGITUDE_MEAS": -74.1561212
 },
 {
   "LOCATION_NAME": "EAST HANOVER",
   "CITY_NAME": "EAST HANOVER",
   "POSTAL_CD": 7936,
   "TERRITORY_CD": "NJ",
   "FIPS_COUNTY_CD": "U",
   "LATITUDE_MEAS": 40.8042939,
   "LONGITUDE_MEAS": -74.3659704
 },
 {
   "LOCATION_NAME": "ORANGE",
   "CITY_NAME": "ORANGE",
   "POSTAL_CD": 6477,
   "TERRITORY_CD": "CT",
   "FIPS_COUNTY_CD": "U",
   "LATITUDE_MEAS": 41.261513,
   "LONGITUDE_MEAS": -73.002641
 },
 {
   "LOCATION_NAME": "SOUTHINGTON",
   "CITY_NAME": "SOUTHINGTON",
   "POSTAL_CD": 6489,
   "TERRITORY_CD": "CT",
   "FIPS_COUNTY_CD": "U",
   "LATITUDE_MEAS": 41.6395661,
   "LONGITUDE_MEAS": -72.8712445
 },
 {
   "LOCATION_NAME": "SIMSBURY",
   "CITY_NAME": "SIMSBURY",
   "POSTAL_CD": 6070,
   "TERRITORY_CD": "CT",
   "FIPS_COUNTY_CD": "U",
   "LATITUDE_MEAS": 41.8173342,
   "LONGITUDE_MEAS": -72.8649798
 },
 {
   "LOCATION_NAME": "NEWTON",
   "CITY_NAME": "NEWTON",
   "POSTAL_CD": 7860,
   "TERRITORY_CD": "NJ",
   "FIPS_COUNTY_CD": "U",
   "LATITUDE_MEAS": 41.072539,
   "LONGITUDE_MEAS": -74.740598
 },
 {
   "LOCATION_NAME": "TOMS RIVER",
   "CITY_NAME": "TOMS RIVER",
   "POSTAL_CD": 8753,
   "TERRITORY_CD": "NJ",
   "FIPS_COUNTY_CD": "U",
   "LATITUDE_MEAS": 39.9829964,
   "LONGITUDE_MEAS": -74.1823375
 },
 {
   "LOCATION_NAME": "MANALAPAN",
   "CITY_NAME": "MANALAPAN",
   "POSTAL_CD": 7726,
   "TERRITORY_CD": "NJ",
   "FIPS_COUNTY_CD": "U",
   "LATITUDE_MEAS": 40.3135001,
   "LONGITUDE_MEAS": -74.3060001
 },
 {
   "LOCATION_NAME": "PARAMUS",
   "CITY_NAME": "PARAMUS",
   "POSTAL_CD": 7652,
   "TERRITORY_CD": "NJ",
   "FIPS_COUNTY_CD": "U",
   "LATITUDE_MEAS": 40.965287,
   "LONGITUDE_MEAS": -74.07533
 },
 {
   "LOCATION_NAME": "MIDDLETOWN",
   "CITY_NAME": "MIDDLETOWN",
   "POSTAL_CD": 7748,
   "TERRITORY_CD": "NJ",
   "FIPS_COUNTY_CD": "U",
   "LATITUDE_MEAS": 40.4051786,
   "LONGITUDE_MEAS": -74.1255641
 },
 {
   "LOCATION_NAME": "WEST FARMS",
   "CITY_NAME": "FARMINGTON",
   "POSTAL_CD": 6032,
   "TERRITORY_CD": "CT",
   "FIPS_COUNTY_CD": "U",
   "LATITUDE_MEAS": 41.718482,
   "LONGITUDE_MEAS": -72.760606
 },
 {
   "LOCATION_NAME": "WOODLAND PARK, NJ",
   "CITY_NAME": "WOODLAND PARK",
   "POSTAL_CD": 7424,
   "TERRITORY_CD": "NJ",
   "FIPS_COUNTY_CD": "U",
   "LATITUDE_MEAS": 40.8592391,
   "LONGITUDE_MEAS": -74.465927
 },
 {
   "LOCATION_NAME": "KILLINGLY",
   "CITY_NAME": "DAYVILLE",
   "POSTAL_CD": 6241,
   "TERRITORY_CD": "CT",
   "FIPS_COUNTY_CD": "U",
   "LATITUDE_MEAS": 41.841341,
   "LONGITUDE_MEAS": -71.882393
 },
 {
   "LOCATION_NAME": "HARMON / IKEA DRIVE",
   "CITY_NAME": "PARAMUS",
   "POSTAL_CD": 76529019,
   "TERRITORY_CD": "NJ",
   "FIPS_COUNTY_CD": "U",
   "LATITUDE_MEAS": 40.935,
   "LONGITUDE_MEAS": -74.0197
 },
 {
   "LOCATION_NAME": "WATCHUNG",
   "CITY_NAME": "WATCHUNG",
   "POSTAL_CD": 7069,
   "TERRITORY_CD": "NJ",
   "FIPS_COUNTY_CD": "U",
   "LATITUDE_MEAS": 40.641127,
   "LONGITUDE_MEAS": -74.415795
 },
 {
   "LOCATION_NAME": "HACKENSACK",
   "CITY_NAME": "HACKENSACK",
   "POSTAL_CD": 7601,
   "TERRITORY_CD": "NJ",
   "FIPS_COUNTY_CD": "U",
   "LATITUDE_MEAS": 40.8764962,
   "LONGITUDE_MEAS": -74.0656436
 },
 {
   "LOCATION_NAME": "WATERFORD",
   "CITY_NAME": "WATERFORD",
   "POSTAL_CD": 6385,
   "TERRITORY_CD": "CT",
   "FIPS_COUNTY_CD": "U",
   "LATITUDE_MEAS": 41.372991,
   "LONGITUDE_MEAS": -72.144
 },
 {
   "LOCATION_NAME": "CLIFTON",
   "CITY_NAME": "CLIFTON",
   "POSTAL_CD": 7013,
   "TERRITORY_CD": "NJ",
   "FIPS_COUNTY_CD": "U",
   "LATITUDE_MEAS": 40.830355,
   "LONGITUDE_MEAS": -74.13807
 },
 {
   "LOCATION_NAME": "RAMSEY",
   "CITY_NAME": "RAMSEY",
   "POSTAL_CD": 7446,
   "TERRITORY_CD": "NJ",
   "FIPS_COUNTY_CD": "U",
   "LATITUDE_MEAS": 41.069356,
   "LONGITUDE_MEAS": -74.139457
 },
 {
   "LOCATION_NAME": "SOUTH PLAINFIELD",
   "CITY_NAME": "SOUTH PLAINFIELD",
   "POSTAL_CD": 7080,
   "TERRITORY_CD": "NJ",
   "FIPS_COUNTY_CD": "U",
   "LATITUDE_MEAS": 40.5585391,
   "LONGITUDE_MEAS": -74.4382724
 },
 {
   "LOCATION_NAME": "WAYNE",
   "CITY_NAME": "WAYNE",
   "POSTAL_CD": 7470,
   "TERRITORY_CD": "NJ",
   "FIPS_COUNTY_CD": "U",
   "LATITUDE_MEAS": 40.93866,
   "LONGITUDE_MEAS": -74.270657
 },
 {
   "LOCATION_NAME": "BRICK",
   "CITY_NAME": "BRICK",
   "POSTAL_CD": 8723,
   "TERRITORY_CD": "NJ",
   "FIPS_COUNTY_CD": "U",
   "LATITUDE_MEAS": 40.0606723,
   "LONGITUDE_MEAS": -74.1405174
 },
 {
   "LOCATION_NAME": "MANAHAWKIN",
   "CITY_NAME": "MANAHAWKIN",
   "POSTAL_CD": 8050,
   "TERRITORY_CD": "NJ",
   "FIPS_COUNTY_CD": "U",
   "LATITUDE_MEAS": 39.696949,
   "LONGITUDE_MEAS": -74.265368
 },
 {
   "LOCATION_NAME": "ROCKAWAY",
   "CITY_NAME": "ROCKAWAY",
   "POSTAL_CD": 78661649,
   "TERRITORY_CD": "NJ",
   "FIPS_COUNTY_CD": "U",
   "LATITUDE_MEAS": 40.907722,
   "LONGITUDE_MEAS": -74.548309
 },
 {
   "LOCATION_NAME": "TOTOWA BBBABY",
   "CITY_NAME": "TOTOWA",
   "POSTAL_CD": 75121735,
   "TERRITORY_CD": "NJ",
   "FIPS_COUNTY_CD": "U",
   "LATITUDE_MEAS": 40.898095,
   "LONGITUDE_MEAS": -74.240144
 },
 {
   "LOCATION_NAME": "VALLEY RIDGE",
   "CITY_NAME": "WAYNE",
   "POSTAL_CD": 7470,
   "TERRITORY_CD": "NJ",
   "FIPS_COUNTY_CD": "U",
   "LATITUDE_MEAS": 40.9303521,
   "LONGITUDE_MEAS": -74.2279088
 },
 {
   "LOCATION_NAME": "DANBURY",
   "CITY_NAME": "DANBURY",
   "POSTAL_CD": 6810,
   "TERRITORY_CD": "CT",
   "FIPS_COUNTY_CD": "U",
   "LATITUDE_MEAS": 41.377197,
   "LONGITUDE_MEAS": -73.487374
 },
 {
   "LOCATION_NAME": "MANCHESTER",
   "CITY_NAME": "MANCHESTER",
   "POSTAL_CD": 6040,
   "TERRITORY_CD": "CT",
   "FIPS_COUNTY_CD": "U",
   "LATITUDE_MEAS": 41.809604,
   "LONGITUDE_MEAS": -72.530109
 },
 {
   "LOCATION_NAME": "MT LAUREL",
   "CITY_NAME": "MT LAUREL",
   "POSTAL_CD": 8054,
   "TERRITORY_CD": "NJ",
   "FIPS_COUNTY_CD": "U",
   "LATITUDE_MEAS": 39.9680946,
   "LONGITUDE_MEAS": -74.9137428
 },
 {
   "LOCATION_NAME": "NORWALK",
   "CITY_NAME": "NORWALK",
   "POSTAL_CD": 6851,
   "TERRITORY_CD": "CT",
   "FIPS_COUNTY_CD": "U",
   "LATITUDE_MEAS": 41.126978,
   "LONGITUDE_MEAS": -73.3845802
 },
 {
   "LOCATION_NAME": "SUCCUSUNNA",
   "CITY_NAME": "succusunna",
   "POSTAL_CD": 7876,
   "TERRITORY_CD": "NJ",
   "FIPS_COUNTY_CD": "U",
   "LATITUDE_MEAS": 40.8704808,
   "LONGITUDE_MEAS": -74.6467435
 },
 {
   "LOCATION_NAME": "MAYS LANDING, NJ",
   "CITY_NAME": "MAYS LANDING",
   "POSTAL_CD": 8330,
   "TERRITORY_CD": "NJ",
   "FIPS_COUNTY_CD": "U",
   "LATITUDE_MEAS": 39.451683,
   "LONGITUDE_MEAS": -74.63776
 },
 {
   "LOCATION_NAME": "CARLSTADT",
   "CITY_NAME": "CARLSTADT",
   "POSTAL_CD": 7072,
   "TERRITORY_CD": "NJ",
   "FIPS_COUNTY_CD": "U",
   "LATITUDE_MEAS": 40.8416176,
   "LONGITUDE_MEAS": -74.1020413
 },
 {
   "LOCATION_NAME": "FLEMINGTON",
   "CITY_NAME": "FLEMINGTON",
   "POSTAL_CD": 8822,
   "TERRITORY_CD": "NJ",
   "FIPS_COUNTY_CD": "U",
   "LATITUDE_MEAS": 40.498102,
   "LONGITUDE_MEAS": -74.85672
 },
 {
   "LOCATION_NAME": "WEST LONG BRANCH",
   "CITY_NAME": "WEST LONG BRANCH",
   "POSTAL_CD": 77641026,
   "TERRITORY_CD": "NJ",
   "FIPS_COUNTY_CD": "U",
   "LATITUDE_MEAS": 40.2915165,
   "LONGITUDE_MEAS": -74.0353789
 },
 {
   "LOCATION_NAME": "EATONTOWN",
   "CITY_NAME": "EATONTOWN",
   "POSTAL_CD": 7724,
   "TERRITORY_CD": "NJ",
   "FIPS_COUNTY_CD": "U",
   "LATITUDE_MEAS": 40.289719,
   "LONGITUDE_MEAS": -74.0449708
 },
 {
   "LOCATION_NAME": "ROCKAWAY",
   "CITY_NAME": "ROCKAWAY",
   "POSTAL_CD": 7866,
   "TERRITORY_CD": "NJ",
   "FIPS_COUNTY_CD": "U",
   "LATITUDE_MEAS": 40.887091,
   "LONGITUDE_MEAS": -74.528438
 },
 {
   "LOCATION_NAME": "SEAVIEW SQUARE",
   "CITY_NAME": "OCEAN",
   "POSTAL_CD": 7712,
   "TERRITORY_CD": "NJ",
   "FIPS_COUNTY_CD": "U",
   "LATITUDE_MEAS": 40.228444,
   "LONGITUDE_MEAS": -74.044718
 },
 {
   "LOCATION_NAME": "HARMON / CHERRY HILL",
   "CITY_NAME": "CHERRY HILL",
   "POSTAL_CD": 80029122,
   "TERRITORY_CD": "NJ",
   "FIPS_COUNTY_CD": "U",
   "LATITUDE_MEAS": 33.724321,
   "LONGITUDE_MEAS": -117.790335
 },
 {
   "LOCATION_NAME": "PARAMUS",
   "CITY_NAME": "PARAMUS",
   "POSTAL_CD": 7652,
   "TERRITORY_CD": "NJ",
   "FIPS_COUNTY_CD": "U",
   "LATITUDE_MEAS": 40.918022,
   "LONGITUDE_MEAS": -74.059182
 },
 {
   "LOCATION_NAME": "MILLBURN",
   "CITY_NAME": "SHORT HILLS",
   "POSTAL_CD": 7078,
   "TERRITORY_CD": "NJ",
   "FIPS_COUNTY_CD": "U",
   "LATITUDE_MEAS": 40.720026,
   "LONGITUDE_MEAS": -74.33006
 },
 {
   "LOCATION_NAME": "DEPTFORD",
   "CITY_NAME": "X",
   "POSTAL_CD": 8096,
   "TERRITORY_CD": "NJ",
   "FIPS_COUNTY_CD": "U",
   "LATITUDE_MEAS": 39.8281812,
   "LONGITUDE_MEAS": -75.0967229
 },
 {
   "LOCATION_NAME": "ORANGE",
   "CITY_NAME": "ORANGE",
   "POSTAL_CD": 6477,
   "TERRITORY_CD": "CT",
   "FIPS_COUNTY_CD": "U",
   "LATITUDE_MEAS": 41.262436,
   "LONGITUDE_MEAS": -73.001394
 },
 {
   "LOCATION_NAME": "EDGEWATER",
   "CITY_NAME": "EDGEWATER",
   "POSTAL_CD": 7020,
   "TERRITORY_CD": "NJ",
   "FIPS_COUNTY_CD": "U",
   "LATITUDE_MEAS": 40.8199349,
   "LONGITUDE_MEAS": -73.9770593
 },
 {
   "LOCATION_NAME": "TORRINGTON",
   "CITY_NAME": "TORRINGTON",
   "POSTAL_CD": 6790,
   "TERRITORY_CD": "CT",
   "FIPS_COUNTY_CD": "U",
   "LATITUDE_MEAS": 41.8184533,
   "LONGITUDE_MEAS": -73.0755029
 },
 {
   "LOCATION_NAME": "DANBURY",
   "CITY_NAME": "DANBURY",
   "POSTAL_CD": 6810,
   "TERRITORY_CD": "CT",
   "FIPS_COUNTY_CD": "U",
   "LATITUDE_MEAS": 41.375623,
   "LONGITUDE_MEAS": -73.476313
 },
 {
   "LOCATION_NAME": "BUTLER",
   "CITY_NAME": "KINNELON",
   "POSTAL_CD": 7405,
   "TERRITORY_CD": "NJ",
   "FIPS_COUNTY_CD": "U",
   "LATITUDE_MEAS": 40.9905314,
   "LONGITUDE_MEAS": -74.3330718
 },
 {
   "LOCATION_NAME": "SPRINGFIELD, NJ",
   "CITY_NAME": "SPRINGFIELD",
   "POSTAL_CD": 7081,
   "TERRITORY_CD": "NJ",
   "FIPS_COUNTY_CD": "U",
   "LATITUDE_MEAS": 40.685001,
   "LONGITUDE_MEAS": -74.3317335
 },
 {
   "LOCATION_NAME": "HAMDEN",
   "CITY_NAME": "HAMDEN",
   "POSTAL_CD": 6514,
   "TERRITORY_CD": "CT",
   "FIPS_COUNTY_CD": "U",
   "LATITUDE_MEAS": 41.3673714,
   "LONGITUDE_MEAS": -72.9192501
 },
 {
   "LOCATION_NAME": "EDGEWATER",
   "CITY_NAME": "EDGEWATER",
   "POSTAL_CD": 7020,
   "TERRITORY_CD": "NJ",
   "FIPS_COUNTY_CD": "U",
   "LATITUDE_MEAS": 40.8110603,
   "LONGITUDE_MEAS": -73.9828924
 },
 {
   "LOCATION_NAME": "MANCHESTER",
   "CITY_NAME": "MANCHESTER",
   "POSTAL_CD": 6040,
   "TERRITORY_CD": "CT",
   "FIPS_COUNTY_CD": "U",
   "LATITUDE_MEAS": 41.812572,
   "LONGITUDE_MEAS": -72.531697
 },
 {
   "LOCATION_NAME": "EDISON",
   "CITY_NAME": "EDISON",
   "POSTAL_CD": 8817,
   "TERRITORY_CD": "NJ",
   "FIPS_COUNTY_CD": "U",
   "LATITUDE_MEAS": 40.5162354,
   "LONGITUDE_MEAS": -74.3766022
 },
 {
   "LOCATION_NAME": "SPRINGFIELD",
   "CITY_NAME": "SPRINGFIELD",
   "POSTAL_CD": 7081,
   "TERRITORY_CD": "NJ",
   "FIPS_COUNTY_CD": "U",
   "LATITUDE_MEAS": 40.718757,
   "LONGITUDE_MEAS": -74.330373
 },
 {
   "LOCATION_NAME": "PRINCETON",
   "CITY_NAME": "PRINCETON",
   "POSTAL_CD": 85405938,
   "TERRITORY_CD": "NJ",
   "FIPS_COUNTY_CD": "U",
   "LATITUDE_MEAS": 40.300224,
   "LONGITUDE_MEAS": -74.679577
 },
 {
   "LOCATION_NAME": "BRIDGEWATER",
   "CITY_NAME": "BRIDGEWATER",
   "POSTAL_CD": 8807,
   "TERRITORY_CD": "NJ",
   "FIPS_COUNTY_CD": "U",
   "LATITUDE_MEAS": 40.5617136,
   "LONGITUDE_MEAS": -74.5560499
 },
 {
   "LOCATION_NAME": "LAWRENCEVILLE",
   "CITY_NAME": "LAWRENCEVILLE",
   "POSTAL_CD": 8648,
   "TERRITORY_CD": "NJ",
   "FIPS_COUNTY_CD": "U",
   "LATITUDE_MEAS": 40.297338,
   "LONGITUDE_MEAS": -74.685609
 },
 {
   "LOCATION_NAME": "PARSIPPANY",
   "CITY_NAME": "PARSIPPANY",
   "POSTAL_CD": 7054,
   "TERRITORY_CD": "NJ",
   "FIPS_COUNTY_CD": "U",
   "LATITUDE_MEAS": 40.87241513,
   "LONGITUDE_MEAS": -74.42837602
 },
 {
   "LOCATION_NAME": "CHERRY HILL",
   "CITY_NAME": "CHERRY HILL",
   "POSTAL_CD": 8002,
   "TERRITORY_CD": "NJ",
   "FIPS_COUNTY_CD": "U",
   "LATITUDE_MEAS": 39.923764,
   "LONGITUDE_MEAS": -75.037036
 },
 {
   "LOCATION_NAME": "PARAMUS BBBABY",
   "CITY_NAME": "PARAMUS",
   "POSTAL_CD": 76523613,
   "TERRITORY_CD": "NJ",
   "FIPS_COUNTY_CD": "U",
   "LATITUDE_MEAS": 40.965528,
   "LONGITUDE_MEAS": -74.075376
 },
 {
   "LOCATION_NAME": "MATAWAN",
   "CITY_NAME": "ABERDEEN",
   "POSTAL_CD": 7747,
   "TERRITORY_CD": "NJ",
   "FIPS_COUNTY_CD": "U",
   "LATITUDE_MEAS": 40.397946,
   "LONGITUDE_MEAS": -74.224385
 },
 {
   "LOCATION_NAME": "WOODBRIDGE",
   "CITY_NAME": "ISELIN",
   "POSTAL_CD": 8830,
   "TERRITORY_CD": "NJ",
   "FIPS_COUNTY_CD": "U",
   "LATITUDE_MEAS": 40.559558,
   "LONGITUDE_MEAS": -74.308046
 },
 {
   "LOCATION_NAME": "MILFORD",
   "CITY_NAME": "MILFORD",
   "POSTAL_CD": 64602703,
   "TERRITORY_CD": "CT",
   "FIPS_COUNTY_CD": "U",
   "LATITUDE_MEAS": 41.236496,
   "LONGITUDE_MEAS": -73.033989
 },
 {
   "LOCATION_NAME": "SHREWSBURY",
   "CITY_NAME": "SHREWSBURY",
   "POSTAL_CD": 77024139,
   "TERRITORY_CD": "NJ",
   "FIPS_COUNTY_CD": "U",
   "LATITUDE_MEAS": 40.3335892,
   "LONGITUDE_MEAS": -74.0630453
 },
 {
   "LOCATION_NAME": "NEWTON",
   "CITY_NAME": "NEWTON",
   "POSTAL_CD": 7860,
   "TERRITORY_CD": "NJ",
   "FIPS_COUNTY_CD": "U",
   "LATITUDE_MEAS": 41.067922,
   "LONGITUDE_MEAS": -74.743405
 },
 {
   "LOCATION_NAME": "ENFIELD",
   "CITY_NAME": "ENFIELD",
   "POSTAL_CD": 6082,
   "TERRITORY_CD": "CT",
   "FIPS_COUNTY_CD": "U",
   "LATITUDE_MEAS": 41.9898916,
   "LONGITUDE_MEAS": -72.582993
 },
 {
   "LOCATION_NAME": "HOWELL",
   "CITY_NAME": "HOWELL",
   "POSTAL_CD": 7731,
   "TERRITORY_CD": "NJ",
   "FIPS_COUNTY_CD": "U",
   "LATITUDE_MEAS": 40.1526084,
   "LONGITUDE_MEAS": -74.2280434
 },
 {
   "LOCATION_NAME": "GREENBROOK",
   "CITY_NAME": "ROCKVILLE",
   "POSTAL_CD": 8812,
   "TERRITORY_CD": "NJ",
   "FIPS_COUNTY_CD": "U",
   "LATITUDE_MEAS": 40.5892962,
   "LONGITUDE_MEAS": -74.5012245
 },
 {
   "LOCATION_NAME": "ROCKAWAY, NJ",
   "CITY_NAME": "ROCKAWAY",
   "POSTAL_CD": 7866,
   "TERRITORY_CD": "NJ",
   "FIPS_COUNTY_CD": "U",
   "LATITUDE_MEAS": 40.907416,
   "LONGITUDE_MEAS": -74.548584
 },
 {
   "LOCATION_NAME": "BROOKFIELD",
   "CITY_NAME": "BROOKFIELD",
   "POSTAL_CD": 6804,
   "TERRITORY_CD": "CT",
   "FIPS_COUNTY_CD": "U",
   "LATITUDE_MEAS": 41.4365147,
   "LONGITUDE_MEAS": -73.4132361
 },
 {
   "LOCATION_NAME": "MANALAPAN",
   "CITY_NAME": "MANALAPAN",
   "POSTAL_CD": 7726,
   "TERRITORY_CD": "NJ",
   "FIPS_COUNTY_CD": "U",
   "LATITUDE_MEAS": 40.288837,
   "LONGITUDE_MEAS": -74.29554
 },
 {
   "LOCATION_NAME": "TURNERSVILLE",
   "CITY_NAME": "SEWELL",
   "POSTAL_CD": 8080,
   "TERRITORY_CD": "NJ",
   "FIPS_COUNTY_CD": "U",
   "LATITUDE_MEAS": 39.71636111,
   "LONGITUDE_MEAS": -75.03042298
 },
 {
   "LOCATION_NAME": "FRANKLIN",
   "CITY_NAME": "FRANKLIN",
   "POSTAL_CD": 7416,
   "TERRITORY_CD": "NJ",
   "FIPS_COUNTY_CD": "U",
   "LATITUDE_MEAS": 41.103017,
   "LONGITUDE_MEAS": -74.580801
 },
 {
   "LOCATION_NAME": "FREEHOLD",
   "CITY_NAME": "FREEHOLD",
   "POSTAL_CD": 7728,
   "TERRITORY_CD": "NJ",
   "FIPS_COUNTY_CD": "U",
   "LATITUDE_MEAS": 40.2558065,
   "LONGITUDE_MEAS": -74.2867027
 },
 {
   "LOCATION_NAME": "MILFORD",
   "CITY_NAME": "MILFORD",
   "POSTAL_CD": 6460,
   "TERRITORY_CD": "CT",
   "FIPS_COUNTY_CD": "U",
   "LATITUDE_MEAS": 41.2371072,
   "LONGITUDE_MEAS": -73.0391802
 },
 {
   "LOCATION_NAME": "BRIDGEWATER, NJ",
   "CITY_NAME": "BRIDGEWATER",
   "POSTAL_CD": 8807,
   "TERRITORY_CD": "NJ",
   "FIPS_COUNTY_CD": "U",
   "LATITUDE_MEAS": 40.5821985,
   "LONGITUDE_MEAS": -74.6221007
 },
 {
   "LOCATION_NAME": "LIVINGSTON",
   "CITY_NAME": "LIVINGSTON",
   "POSTAL_CD": 70391740,
   "TERRITORY_CD": "NJ",
   "FIPS_COUNTY_CD": "U",
   "LATITUDE_MEAS": 40.798053,
   "LONGITUDE_MEAS": -74.3476589
 },
 {
   "LOCATION_NAME": "TOTOWA",
   "CITY_NAME": "TOTOWA",
   "POSTAL_CD": 7512,
   "TERRITORY_CD": "NJ",
   "FIPS_COUNTY_CD": "U",
   "LATITUDE_MEAS": 40.895681,
   "LONGITUDE_MEAS": -74.234486
 },
 {
   "LOCATION_NAME": "NORWALK",
   "CITY_NAME": "NORWALK",
   "POSTAL_CD": 6851,
   "TERRITORY_CD": "CT",
   "FIPS_COUNTY_CD": "U",
   "LATITUDE_MEAS": 41.1318525,
   "LONGITUDE_MEAS": -73.4237643
 },
 {
   "LOCATION_NAME": "LIBERTY VIEW BBBABY",
   "CITY_NAME": "BROOKLYN",
   "POSTAL_CD": 7094,
   "TERRITORY_CD": "NJ",
   "FIPS_COUNTY_CD": "U",
   "LATITUDE_MEAS": 40.6593468,
   "LONGITUDE_MEAS": -74.0044481
 },
 {
   "LOCATION_NAME": "WESTWOOD",
   "CITY_NAME": "WESTWOOD",
   "POSTAL_CD": 7675,
   "TERRITORY_CD": "NJ",
   "FIPS_COUNTY_CD": "U",
   "LATITUDE_MEAS": 40.9973398,
   "LONGITUDE_MEAS": -74.0388428
 },
 {
   "LOCATION_NAME": "CLIFTON",
   "CITY_NAME": "CLIFTON",
   "POSTAL_CD": 7014,
   "TERRITORY_CD": "NJ",
   "FIPS_COUNTY_CD": "U",
   "LATITUDE_MEAS": 40.830767,
   "LONGITUDE_MEAS": -74.138796
 },
 {
   "LOCATION_NAME": "NEWARK",
   "CITY_NAME": "NEWARK",
   "POSTAL_CD": 7105,
   "TERRITORY_CD": "NJ",
   "FIPS_COUNTY_CD": "U",
   "LATITUDE_MEAS": 40.7334165,
   "LONGITUDE_MEAS": -74.142984
 },
 {
   "LOCATION_NAME": "EAST BRUNSWICK",
   "CITY_NAME": "EAST BRUNSWICK",
   "POSTAL_CD": 8816,
   "TERRITORY_CD": "NJ",
   "FIPS_COUNTY_CD": "U",
   "LATITUDE_MEAS": 40.4563223,
   "LONGITUDE_MEAS": -74.3988223
 },
 {
   "LOCATION_NAME": "ROUTE 46",
   "CITY_NAME": "TOTOWA",
   "POSTAL_CD": 7512,
   "TERRITORY_CD": "NJ",
   "FIPS_COUNTY_CD": "U",
   "LATITUDE_MEAS": 40.898423,
   "LONGITUDE_MEAS": -74.240287
 },
 {
   "LOCATION_NAME": "MARLTON",
   "CITY_NAME": "MARLTON",
   "POSTAL_CD": 8053,
   "TERRITORY_CD": "NJ",
   "FIPS_COUNTY_CD": "U",
   "LATITUDE_MEAS": 39.8693329,
   "LONGITUDE_MEAS": -74.9200008
 },
 {
   "LOCATION_NAME": "VINELAND",
   "CITY_NAME": "VINELAND",
   "POSTAL_CD": 8360,
   "TERRITORY_CD": "NJ",
   "FIPS_COUNTY_CD": "U",
   "LATITUDE_MEAS": 39.432657,
   "LONGITUDE_MEAS": -75.038136
 },
 {
   "LOCATION_NAME": "PARSIPPANY",
   "CITY_NAME": "PARSIPPANY",
   "POSTAL_CD": 7054,
   "TERRITORY_CD": "NJ",
   "FIPS_COUNTY_CD": "U",
   "LATITUDE_MEAS": 40.8620831,
   "LONGITUDE_MEAS": -74.3739297
 },
 {
   "LOCATION_NAME": "WESTFIELD",
   "CITY_NAME": "WESTFIELD",
   "POSTAL_CD": 7090,
   "TERRITORY_CD": "NJ",
   "FIPS_COUNTY_CD": "U",
   "LATITUDE_MEAS": 40.6501296,
   "LONGITUDE_MEAS": -74.3384378
 },
 {
   "LOCATION_NAME": "RIO GRANDE",
   "CITY_NAME": "RIO GRANDE",
   "POSTAL_CD": 8242,
   "TERRITORY_CD": "NJ",
   "FIPS_COUNTY_CD": "U",
   "LATITUDE_MEAS": 39.015454,
   "LONGITUDE_MEAS": -74.87633
 },
 {
   "LOCATION_NAME": "MAYS LANDING",
   "CITY_NAME": "MAYS LANDING",
   "POSTAL_CD": 8330,
   "TERRITORY_CD": "NJ",
   "FIPS_COUNTY_CD": "U",
   "LATITUDE_MEAS": 39.4482404,
   "LONGITUDE_MEAS": -74.6310071
 }
]